article_id,title,url,description,pub_date,author,category,scraped_at
2e801dda9d7747b,Bangladesh's economic growth shows modest performance in FY26 Q2: MCCI,https://news.google.com/rss/articles/CBMiUEFVX3lxTE5tREI3V1FoODMyZWdVUlI3T1RDa3J3ajFKT0FxZUx1akVETW92MzYyTjhXM1d5cTFHdnNybnR1dkZTeGdQM2xqZU9yRzFVcmRN?oc=5,,2026-02-23T13:07:01+00:00,Bangladesh Sangbad Sangstha (BSS),Bangladesh Economy,2026-02-28T15:07:11.668169
050ca988790e0a0,India and Bangladesh move towards resetting ties,https://news.google.com/rss/articles/CBMikAFBVV95cUxOTmFMM0Y5aW51SXA2RE5ZZnlwY3YzYVR1Qm5XVHgwU3ZyMktNeFMwaU9KaEFRNFlvN3B4SzV0blhGUEdRcXRRYjVnT2lHc0s1cFpNeEJTbnUzOXJtTzYxNDZWUjh1NkNrMXNSSFFWbEFCcHhqb0Fra0I2Ym9oci1pd1NWQ2lQc01NU09DcjdULW0?oc=5,,2026-02-28T05:07:00+00:00,Times of Oman,India–Bangladesh Relations,2026-02-28T15:07:13.840662
5c2bef59049a3e9,‘We only want treatment’: Catholics caught in Bangladesh-India visa crisis,https://news.google.com/rss/articles/CBMiygFBVV95cUxOYUlLTUg2R1B0QlFxRUJ2UVpxMkh3NlNPNU15LXFxRnM4anlSWF9RSGtyVDlrbWMzSldLV1YwTjNObG1lS1JzaXhUUkhGV05Rd2R0cU9MdlRYSFhUOW1ZQ1RKUFF6Q0JWcDZ2X1JPZERqT3g0TjJhZ292Q2NjRy1YLVpBWWZiTWQyd0pLbEw2TFJIZ3JnMmpvYmlzb2k0QUs1OWxYNTJSa1A3RDlacDQzSXBKWEtMOWlqMXQtRkk2Z285LXVuSWsxSG5n?oc=5,,2026-01-17T08:00:00+00:00,EWTN News,India–Bangladesh Relations,2026-02-28T15:07:13.870049
8583a4ff7139a24,India's Adani boosts electricity supply to Bangladesh despite souring diplomatic ties,https://news.google.com/rss/articles/CBMixwFBVV95cUxNWVBYczROVnp6MXFOcndsY3hsX19vSGVISVgzNHZWcUJjUDdUVE1XbExVbkJpS2JzZi1QWVpKeTVGaFpSV0k0UVhSa1J1cDNfMzloNXRJMGRLdEsyVElsa0g5c0s5Z0FqOTNJQ01XTHVzdFprS3A0RW5uR3FNNUVyZFE2YWdDdlNmVFViOTF4WFQwdW9oTHAtelQ1eUxzMmRnelpQSlZaTTNHSDdFQ1FoQTlhRGtyS09nZF9xRzgydU1teW80bUdZ?oc=5,,2026-01-28T08:00:00+00:00,Reuters,India–Bangladesh Relations,2026-02-28T15:07:13.880171
65cc1f88d207f34,Bangladesh appoints new central bank governor,https://news.google.com/rss/articles/CBMijwFBVV95cUxOZmRMVDYxbW0zUlFsSFl0STV5VlRjeE1sWDNpNlUybWJueF9jYkJCaER5dGdILVktcGVzbTI4LXRHOWtKenV3a3c2U1NhRzhLaHdRTzlNdEJzQTRiOFZCVVl2WlBkNUdJM2NnT3ludERjOFowSW1pZVpuc1hOUzVIWUtxWmJ6ZGpGc2Z4VThDdw?oc=5,,2026-02-25T13:34:00+00:00,Nikkei Asia,Bangladesh Economy,2026-02-28T15:07:15.980416
99a5787a67dd765,US–Bangladesh trade pact leaves India’s MedTech export edge intact,https://news.google.com/rss/articles/CBMimAFBVV95cUxQTnJQSkFMdnplQWhwY0tBakNKUjBCZWhSRm1QZ0dYNnIyc2lOQS1vRVBjZjNPX09QaVNxWldjdEZyRDlJMllMMlBCMTdjZUE4TWpPTUtmRmNzQjYzaEZrblo3a0stVHV0akFYVnZ4bTV3M2RPR1ZuSGZfaE4wcEd3WWZTaUxIVmU4UGhQTjlpdVd1aGxyZmdJZQ?oc=5,,2026-02-11T08:00:00+00:00,Medical Buyer,India–Bangladesh Relations,2026-02-28T15:07:16.118811
a1a22bf49967b9e,Bangladesh envoy expects US$5 billion bilateral trade if FTA signed,https://news.google.com/rss/articles/CBMiqwFBVV95cUxQalZTMWkzUmZoblFBMVBWd2tLak05azgyOVM1emFIbTRPNlpIeDAtcDc3a0s4LUhYS1A1TC1UcHZEanRXMzN5eGhGY0c1d0JYYVJUZG1GVU4wQ2JvM0ZfZ1ZsLVBCWTltSVZ4ekdZSHZETHBuSmdBNll6b1NSZDRpZ2M1bzMyUEVPRXJPU3R6QmJaNEx0Z3NMdGxWVWJsaVNVMzI2TzNkTEtIelE?oc=5,,2025-05-15T08:02:54+00:00,Thai PBS World,India–Bangladesh Relations,2026-02-28T15:07:16.127726
f93b312fee679cc,Economic Reform Summit 2025: Can Bangladesh Build Serious Conversation and Consensus Before Politics Drowns Out Reform?,https://news.google.com/rss/articles/CBMikAFBVV95cUxOeDdDT3VMT3pIYzQ3SS1BUG96UGJVQUtKTEIzOTdPN1piUmlKVFpRQWxvM2IyWTJCSVo3SUpKUTJpSUk0Q0xmdmdkVXozZW1GOWliSlplODlJSDAwNlBTQ1ZhRnRKcTBhUl9OT2xObTJHY1RlYnBhd18wNkZCcHRIWXNOM3JKSUFtR2ZKM2FxU2U?oc=5,,2025-10-24T07:00:00+00:00,Future Startup,Good News,2026-03-01T10:18:52.984737
e29bd66c100eaf3,Bangladesh GDP Growth Eases to 3.97% in FY 2025,https://news.google.com/rss/articles/CBMingFBVV95cUxQWThpYUczeU9naDhqNkNaTGhZWUY1OWRIdllFZ2VEMk1QdzBGWHJ4b1JQajNlZmhuMF9MMWtwTnZFMy0tem52dXdxSEVJakxWZHh5dFpDVzY0Mmo5d25LZDFlQkV6SGFEUGVXOXByYVVqaEJ4bUJUdGViY2g2ZG5fMVB0U2EyWEx5eVdZOEYtZHFidlJpYlhKZ1RTcW85dw?oc=5,,2025-11-12T08:00:00+00:00,TradingView,Bangladesh Economy,2026-03-01T10:18:53.008901
bc25ba361184ca6,The Bangladesh-India Rift Has Spread to the Cricket Pitch,https://news.google.com/rss/articles/CBMilAFBVV95cUxON0ZxQzltdXh0b1Fvb25WaFlLXzJWN0IxWnQyX09oUUtwZHZnaEpXRHFEcEExTlpLNjBPbjdrLVp4SlJwY3JRQnRPR193SS1YUnExN0hnYk5GWlVlcVQzckpIWF8yMkpwZ1ZoVGtWeVJvRGlYU1FsaHRoODJQOTF6bVlHVU1ZSFJPWEtGNVh4WGtraWxv?oc=5,,2026-01-06T08:00:00+00:00,The Diplomat – Asia-Pacific Current Affairs Magazine,India–Bangladesh Relations,2026-03-01T10:18:55.281527
98c80151f46c559,Why is Bangladesh Rushing to Seal ‘Secret’ US Trade Deal? Garment Industry Fears Loss of American Orders,https://news.google.com/rss/articles/CBMi3wFBVV95cUxOWnlhVVkxNXozOEszR0FrbFdGOFpRSnZOOEcwVG9PaHhMUGJMM0lZbm8wVU1sLW9EeTF0ZXNhWjdaVUpUUDJIYkVfcnZXbjJpTDAtQUZURHBMVlhicUF2U1MxclA2RWtxWEhwSjBvU3FkTTNFUHh4dFFfYWRQZDc0ME1HNDBXam5CX3RYWmtMb2ZBMUJmZFpUMjFWYngtU0FrTG5FV1N1c1dOX0hKQW0yc3FncE0zTG1FNlRBQmlEQTZYZm1SQlRzOWcySEREdzVzeGh4Tm9fdk85X2p4dzlN?oc=5,,2026-02-06T08:00:00+00:00,The Sunday Guardian,Bangladesh Economy,2026-03-01T10:18:57.418529
93da49b9200b493,Remittance inflow grows 22.4pc till Feb 25,https://news.google.com/rss/articles/CBMiUEFVX3lxTE9BNDBNMG5FWlRoN3pEcW0tWms4UlE4eElYSWlJU25mVmVQLUg0OERaamRpTnByb242b0lxaGJBd3NiZ2dsSHpiN092X05tZjFK?oc=5,,2026-02-26T10:36:38+00:00,Bangladesh Sangbad Sangstha (BSS),Bangladesh Economy,2026-03-01T10:18:57.459612
a3136189902c0b0,Impact of US-Bangladesh Trade Deal on Indian Textile Exports,https://news.google.com/rss/articles/CBMioAFBVV95cUxPX25xRC1sRWhyYVk5YTdCUWZJWm1Eb3RYdXQ2SGRPZ0dnaXVrekpFVFkxOWZGVHVaTDU4UGNSaEp6aUdYNlk5SzdMQVdKalhjSGdfWDJQMzU0eHBlSFJBOHZvejVhVlRlcS1hektOYlNfUDlfbmRSYUVaekxHYllIOVYxVUVTdVBKM0o4Z2xCeWx2ZVo3RUdYek5vYUJuaTRn?oc=5,,2026-02-10T18:59:32+00:00,India News Network,Bangladesh Economy,2026-03-01T10:18:57.460723
5171eb243d752b3,Bangladesh Economy Reset: Interim Government Spurs FDI 2026,https://news.google.com/rss/articles/CBMinwFBVV95cUxQXzZvSS1ONkh6eGdFSTVCeXk0TlpMRzhxYUpQS3hSMmpZRjRmTktGaTE0TEx4bnpxUUVTNkhyc2V0SkcybEVfVnRTOHBaRW9XSTVIR0ExVkluT19jU09YU1JDZmhXeVZFb2dZSkttZm5NSE9Ja2dBYmEtU0VYaDBoaGNqRXloNHFSQmg0LXh6WTNYZm9qOWhreDlCaHd2a2vSAaYBQVVfeXFMUHJkaEhwNlh1QjNKN3lia3YtUXBTWEl3cUlrWk5BVmdyRm5KVjlmSHE4NmktZVcwZzVkSk92ZnhLQndwdjVRQ0pKWHFYSFBFdExqWldsTjdRYVpzLXBqcEhnSTNpaU9fbWFLRjgxeFNtRlJLVW9mTFQ4WXEta0xJUEIzSVhad3R3UTdRektrVWhyZXl1TXJiMnA4ZldSXzhmVjFZV1lVUQ?oc=5,,2026-01-08T08:00:00+00:00,Frontline Magazine,Bangladesh Economy,2026-03-01T13:44:18.179988
c06a6b58f9f6090,Bangladesh Central Bank Chief Says Economy to Rebound After Vote,https://news.google.com/rss/articles/CBMitgFBVV95cUxPSUhNbHo2TXYxZm1tTS02N1dSaDBjZ1hUN3RoQzMxWjhlZWhudzZxM2hYWXYtQjlaMVhZWTdZazBoZUp0eDFOS0k4cF8tVTZwS2VQOUYyVGVoY05ScDlYVDhqSGl0VXFHcFdQSTZtU1lqaEo3cFRKMDFjR2l2ekV1WGx5MU9fWVR0dHhpSHdRQWtkanAxU0pnMURoWVNmRnZySDU4MkpUSDd3U3VMR3RySjN1cklGQQ?oc=5,,2026-01-20T08:00:00+00:00,Bloomberg,Bangladesh Economy,2026-03-01T13:44:18.184572
66e7107bb4e6899,Bangladesh replaces central bank governor amid fragile recovery,https://news.google.com/rss/articles/CBMiwwFBVV95cUxQaFdIWmhxdHJQb2VUdEo3TmRrQ0lRWWc1YmZYZUJqZE96Zy1lcFJuVlhIWHFTazRSVGdua1dJa3FES2lTMmI3d0xxUVJYM1VkUm1BWGljdUs0cmlWSDRSLWE0MzJYaW1UNmhRN2NHUG9mVHg4Q2FiemthZWpyRWlvanJPM3dpZjQ1Y0treWgycmFmckU3TERRU25Qc0V4N2RoU3d0R21xNEFMcW9sWnVPLVg1cmp6MFdoR3ZINktLX2JrX03SAcoBQVVfeXFMUFlaZ0k4bnZMS0Y1ajB4YkVLTTBUV041bkVtQThLc1JQQ2VCSmh0WVhScU5pZlNKNWpSdjhsM2Q2WENEVFd2SEY5U2QxX2RSWjQyT2FaNWxNN19fZUJkWkJ5a3JyN1A0MWUxR2tDTXNIM2cxekJfSEx2S0ZDbTlZSXpBQ0NMbU9rX1IxTVF6Z01WTlRwczA5ZFhXaXE4eGRFM2dkaFpDR1hRQlNES2VoWTVLMU9fcWZQTjNOX0NFNUFsdXZQM0phMEF4Zw?oc=5,,2026-02-28T08:31:53+00:00,Frontline Magazine,Bangladesh Economy,2026-03-01T13:44:18.225892
5814a837f65f36f,Bangladesh sees FY25 GDP growth hit 5-year low at 3.49%,https://news.google.com/rss/articles/CBMiU0FVX3lxTFBhUzRmWU1TQ3VvSURUeWxMT0xyb0xRMVFJRFdQcGU4c3o0V1JVNFhNU2lzLUpjNnRHTjlMR0hnQzROaElGQVF4TVV0aDZsTHYxYmpJ?oc=5,,2026-02-26T18:33:00+00:00,bdnews24.com,Bangladesh Economy,2026-03-01T13:44:18.247339
8fb0d6b2761f52c,Bangladesh GDP growth slides to 3.49% in FY25: BBS,https://news.google.com/rss/articles/CBMiYEFVX3lxTE96bFpBbHdTd1N2dzV2U05pdnhLTk50RUZmTm5ydzRhSXVmLTJ6Qm5ISnZEd1VXZXhELUNsWjQtTEpZdjZXbXJXSEFrQU5GQWhseGZpUThxckRvcnZCUmZ2dw?oc=5,,2026-02-27T02:51:13+00:00,Bonik Barta,Bangladesh Economy,2026-03-01T13:44:18.263096
5a2ee433a21841f,Bangladesh: US import tariffs threaten Bangladesh’s crucial garment sector,https://news.google.com/rss/articles/CBMirwFBVV95cUxPTk9JZTRqaDdLSnlhZzIycWRPOElNNmNEc1U3SzU5UjNlUkR4QzZNMEdzRzk2TmFpdEdBT253Vkx6bXh0QUpaNHlJSmlfRlB2bC1fV212QUdaSlRkNU1LMUJQM24xNHBmcTJSRkZNdHZITE5LZVhDYTNRcXVsVVVmdEFUbm1zZ2tObzZyTnh1Sm9VUUxETlRORjVhX1FOc01zUU1abmJ6NkJrV0NIS3Z3?oc=5,,2025-04-22T07:00:00+00:00,Credendo,Bangladesh Economy,2026-03-01T13:44:18.292681
53086e33b8acbfe,Why Bangladesh-India Trade Is Surging Despite Strong Anti-India Sentiment,https://news.google.com/rss/articles/CBMiqgFBVV95cUxNdDdBeUJ1MXo1RmhvY3hwcVAzVTk5elZ2MWNMVUsyS0NMaEt1c013OEw1SlAyblVBZ3B0Y19EZnVLWnZaTVppYVlQWWRYQ01EZV8ySWM2RmNEZFZKY3F0aHhFZnJVaURSQ092VlplZmh6TkZqSlptX0tweERwdk1XUlJ4RjV0MWJmcDJqY2ZEeFZOOGlPSHRPNUFRckExd2I1RWN0a1JYNjZRUQ?oc=5,,2025-10-23T07:00:00+00:00,The Diplomat – Asia-Pacific Current Affairs Magazine,India–Bangladesh Relations,2026-03-01T13:44:18.292917
b46537f09ec6949,Banking sector among most fragile as Bangladesh economy faces multiple risks: CPD,https://news.google.com/rss/articles/CBMiuwFBVV95cUxPcEFWakxweS1tNjlRVC10RVRDSGJ0eHA0X0xneGdVcnhwTTZid09uZ2JnekxrUTk5TlIxS1hUWm9FZkUtcGR0dkJlRndQZkhjYjA1UWdRZEVRVU5SME11cHBnTEFCbzc4SVJNM21MSnh1TWpjQmdqVXZDR1pEa2twQVJEa1oyMjhjVzd5LU03Y2VyUlRZNU1ZVlo1eFZEanR1OWZvYU03cDNhNTQyWVM4NTh0bFNocmJORnNn?oc=5,,2026-01-10T08:00:00+00:00,The Daily Star,Bangladesh Economy,2026-03-01T13:44:18.329714
2945384971ee0a5,India and Bangladesh move towards resetting ties,https://news.google.com/rss/articles/CBMiiAFBVV95cUxNeHp1b0RCZlNnZ3pFWDB3VmFXa25CcUd3SEVuYnBWeDZ1cnVMcXhRS3ZRbkpCRXVpSkVsZDFXOVlXcUpQVVNrYmpIeTRRVjh0eVN1aTJWWFBTenF2Zjk2bVJLdkNWbW92bnhkVlI0TEpBc3Z2SkRZd3ZrbG5fYW00ckw5d1pJc0ZL0gGIAUFVX3lxTE8wOUFTSDJFRmhvN19fVmZYV0JXRUk4OGY4QXFzVU5xbGhxR1dCaWFuZXZWRS1kRXJqek9xeWNnYU5sTldpbnZmUzVuRllpRDdQVFpfNUJoTUVXM0xzVmNWWGVVS2VEVGRwTUxTampuYmtPNHJOTVpmblo2UmN4RkVKM3NMal9Sd2Y?oc=5,,2026-02-26T20:08:28+00:00,dw.com,India–Bangladesh Relations,2026-03-01T13:44:20.458487
d8db16f193884ea,‘Geography Leaves Bangladesh and India Little Choice’,https://news.google.com/rss/articles/CBMimwFBVV95cUxOZVU3dGRVcnVIN2RuVHF5dzF5WWhvMmFGU0wwTEtRdVhvTERobXNZQm9rbGw4dWUzZUhUQ2RGRXQxQ1psSGgtQUp1MTdKOTRHZW8wVkQyUE5Fc0pCRWc5TzJqYnlYZG9KUHdsYjBtZm9NSFhndWFBWWE2WDlXUmVPaFZRWkdVZkJBSWhLcGJPaC1kYjRoazNlNC0waw?oc=5,,2026-03-01T12:00:44+00:00,StratNews Global,India–Bangladesh Relations,2026-03-01T13:44:20.486690
89d6a9f27184e85,The EU–India FTA: Strategic Realignment And Its Implications For Bangladesh – OpEd,https://news.google.com/rss/articles/CBMiuwFBVV95cUxOWnNmSUVyU19XU3V2cEFHc3FjUlhJS0xwUy1rX2ZpUy03UjBqRVZIYkR0Z3F3ZGU3a3ZYanlLSmJsVFRTSjhYeVRLT2x0WEJsVnFxUnV1LU5PZU02N3RjNm42TkhONnhIS0REV0tHMFNERllOVEtqT3Z5cW1hZ1pWTkxaYmpraEN2N3pVRWhZRHFCNDlZSHh4cXF1UTZHUVpZemZPbERpOTJXSmY2ODJ3aWVIS1hfVE12TTZz?oc=5,,2026-02-26T17:10:42+00:00,Eurasia Review,India–Bangladesh Relations,2026-03-01T13:44:20.497595
614b58430205418,After the “Golden Era”: Getting Bangladesh-India Ties Back on Track,https://news.google.com/rss/articles/CBMiwAFBVV95cUxNbU4wWlB0dnJrQXBMU2UwbkRNYWZLUW9VRlVXS1lyMFlVczhnZUUxT0xnSWZGcThfbXcyQzR5TkwtYmRsWGFPSG9memJ1aGJTdzBCRlVHbjQtY25kc3Rjblk4cFp0Q0hIUFdQOFNGS1MtM3ZUMUFXUVFIemg2a0YwQkV0bnRuUW84NUFodHJsNHVjQUl0VFoyZk1pREhPemxEYlhXQ3NMeEt3RDdwRkVWV216OVJLNWZLLTdObmJ4aVE?oc=5,,2025-12-23T08:00:00+00:00,International Crisis Group,India–Bangladesh Relations,2026-03-01T13:44:20.511988
69d065e68432ba5,The Great Divide: Why Bangladesh-India Relations Are At A Historic Breaking Point? – OpEd,https://news.google.com/rss/articles/CBMiwwFBVV95cUxPSTlkY1MwY2RXZm1xSTNBT1pmak1FV2ZRUURUallMUk1pSGNFYWxUU3o2SzhJQ2NGa3NyVDFQbmtjWk1FMVlQc2pNWnNrWEk3MjllSjl3ZFJHUGhvZG5BZUhCSWNwNVJVUllndEo0a2thVFpRZWdGcVBpSW92aVVfX0ctRlBfVFBmbi1LVXpQbHJCWmVzYjBISHkxOFN1MkNSTjR3Y2pKMzdWRDRTQlV5elRYc2Vra3NBcDZFLTdTXzNDZU0?oc=5,,2026-01-03T08:00:00+00:00,Eurasia Review,India–Bangladesh Relations,2026-03-01T13:44:20.532732
fbb4c22e32aac78,What Tarique Rahman’s election win means for India–Bangladesh relations,https://news.google.com/rss/articles/CBMimgFBVV95cUxORFZxWWpmZUwzZndxeDR2RmFxOG54LU8wUTR5ZDluTVJkTzRxVmU2NHIzYXhoZUQ5cFBOREQ2MW93N0ZDZnVyRzRUS2Fpbm1ZVFNZRnNGajZ2ZkhfdEdoQ19iUmFRbHhBc0lRT0Y4UjVSeUh1WFJuWHRLVE5mWFIzSTZVUVRxMjlRLVRsRHd3TmZsVlkyY0JjSEhB?oc=5,,2026-02-25T14:22:09+00:00,India's World,India–Bangladesh Relations,2026-03-01T13:44:20.563341
88b0a20816423d7,Bangladesh-India Relations Are Back on the Brink,https://news.google.com/rss/articles/CBMiiAFBVV95cUxQQkNjQXo2U2ZhVExFY3pUYUhwREZfeF9xeVJOYkZjbWpCUlZxb25JUkxfSnNnbWRyTkwzckcwUzlyVDlZNS1GTWRxRDJySGtCUF9ieFZJSVFPYWtuanZtWVZLVEh6bnZ6WFpMcVcxYy1HWnZWeFNmS0pNRkZPZGRHMmF0cDJac3lG?oc=5,,2025-12-19T08:00:00+00:00,The Diplomat – Asia-Pacific Current Affairs Magazine,India–Bangladesh Relations,2026-03-01T13:44:20.576313
d8086b139609fdd,Emirates SkyCargo expands logistics network in India and Bangladesh,https://news.google.com/rss/articles/CBMimgFBVV95cUxOZ01SaWRyX1ctYlU0aTNEdHRGdVFodjZUMnpuX3UxWnhEeHNlMzdsblJXaUI0VFBVVVRTUUd5QkV4U2laNkhUSkhCVTl6elNXSFkzZ3RzVDdJcEZ5d0VSMDNwVkxnMFBTYWhabG0yejJQalpXMFVNMU1VWld1T2FRZmJUb2RmOUNTV1BRbUI1Vi1WMmF1R0lLcktn?oc=5,,2026-02-28T07:10:54+00:00,Aviation.Direct,India–Bangladesh Relations,2026-03-01T13:44:20.606614
e600b4c7b72652f,Bangladesh and India alert WHO about new H5N1 infections,https://news.google.com/rss/articles/CBMirAFBVV95cUxOUHdBVFU1dEpCUEpZMGhLMFNaMWlTTmdJZmU4RHdBdEZBdWZRSVcxcmNLdmRSN1RBODBiWE5jMVNiaFMyQnBMTUZoYkFqczlZOXV2anItSlRYSFcyMUFPTkUyUExJQ2NGRzNiQWJBQkF6Zk5lVU94Mjc4aUE4akVjcEgxajIyVC14SkphQVZpc1FQTEpxdGk4YzVSQy1kcllRdnN6VjBEUERtQXo2?oc=5,,2025-07-15T07:00:00+00:00,CIDRAP,India–Bangladesh Relations,2026-03-01T13:44:20.624974
20e70f0cb28fd19,Bangladesh wants bilateral relations based on mutual respect: Mini,https://news.google.com/rss/articles/CBMinwFBVV95cUxOS2F2N3puS3kyckxRTlBCaGxlMGFQc1dPdHVUYUVfUlJXRmFfcnFXUTQtcFdSeGljc0UxZkltYnlaN0NuUnRvMVFvWEdrTnYzS0FwWlFpSlVrTDJTZ194RzRpaG0zOXJaSDNtT29abGpZaGlzR2pDOXdJLTVyQ3l4cnN1T1U5UUNlZjc3YmJ3dllYaVBKR1N5T1BuUUFjdlk?oc=5,,2026-03-01T13:32:52+00:00,Views Bangladesh,India–Bangladesh Relations,2026-03-01T13:44:20.657656
9a4b62eefae135a,Opinion: A pivotal moment for India and Bangladesh,https://news.google.com/rss/articles/CBMixwFBVV95cUxOSzRac2U5aGhHcTlPOHZ0SVhTUkZnamQtQzd5UWl5MF9qR0dFUG5obzB4M2xRdlU1cnp3Zi1lQnNmRDcyTVg5RGd3LTdERlRjTHBjYlBFWWpEUmxLNHlfeVI4YlQwUmFVRUxzTkw4aEZxNjItdjNtY2UtaUJwdldrYWl6MUhocFMza1I5NVdKdEdHdDF3ODhMRl9vS1VSTndEbkVELTM3Y0gxeDZSYmdTRFRDUy10MldiNUx1ajZtRGNjY25UZFpn?oc=5,,2025-11-18T08:00:00+00:00,Deseret News,India–Bangladesh Relations,2026-03-01T13:44:20.667578
a7dab76058ebee3,CIS-BCCI organizes discussion on FTA,https://news.google.com/rss/articles/CBMiUEFVX3lxTE12WFZwVzB3aXU3THJXalkxNVBHbDhOdzNHNHBYNEdRbzg2N093ZUVrSUl0NUg1THVMZjd2eUpKMG9mRkhsWjlwVmQzTC02T1lT?oc=5,,2026-03-01T10:22:45+00:00,Bangladesh Sangbad Sangstha (BSS),India–Bangladesh Relations,2026-03-01T13:44:22.593126
1ed6825e36163c2,Bangladesh central bank shake-up tests reform credibility of BNP,https://news.google.com/rss/articles/CBMingFBVV95cUxQOXRtRzJJdWpWR2RfanRQcW02LWZHTVZkN0NsRXlmc1pYd1dBNVNMcVZVY2lfUVl6Y0tfNkUtN1RtUk5uTEJURF9PQjNZTy1JQU5icDNtcW9vcDJCRGpsM0hvS2s2Sjg2Y3pTc0xwNl9UVGJjVTZ2Ny1ESV9wSmJmUlBnblc0a3JzdklIOFFuZ0drQkM1REVSQXltVHRZdw?oc=5,,2026-02-27T05:44:00+00:00,Nikkei Asia,Bangladesh Economy,2026-03-01T13:44:22.594038
d5ea7ca46f42ff1,US–Bangladesh trade pact dents India’s tariff edge in American market,https://news.google.com/rss/articles/CBMizAFBVV95cUxQZVpjOHRrZl9oQmNGTTdaVjlUXzVPU0Vud0d3bHF3VXJUQzFGSHVONXNSOUhJT3UySTVnQXNwbzFIa0w5TzRuaXo2RXI2UGlSSm9tb2FpOUdwU25YRnBNdnJiTWJDS2dpTkdiS3RaZkV4MjI3TGxHclQyUVlMQkZTRGM3XzJHUUFJS2ttSzdkYncwNHdjQ2M5TmNWWmJkY2pzdUROYThTdEVBTkFrTTNuWjgwRmNfU3FfdTRLLURZYmpjMVFpUDJvM3htMmzSAdMBQVVfeXFMUFB4blBWd0hrdWxzWWlDeWNPM0xHcG14NE83NUdkdWlZdVlmQW4xemcwNDZBa3NlTGtxNVN1VkQ1X3N5bzA1aF9sOVA2dDByZnpZMFFMd0F2aTBYZXhUc05pNDNkbnlOXzdvLS1EUUFBd01kME1vazMyekhpM3Etbkc1S185WUQtRWhTQTdrQ1JjTGxCNTh4bDJ1SjRDSjdCbGw1SVBxajE5VlBLQjlFYzFDd20xa1loeXZ5eFdGc2hqMTNKMUp5a2lyTzVkUjhhWWxHcw?oc=5,,2026-02-10T15:55:39+00:00,BusinessLine,India–Bangladesh Relations,2026-03-01T13:44:22.712946
4d55e169f0d37aa,Bangladesh–US trade pact lowers countervailing duty by 1%,https://news.google.com/rss/articles/CBMikgFBVV95cUxPM1JiVWRpTGtvQkpFamNTeUxZQ0ZZSDc4Tk9DVExLVENQdkZYZFhuZzNjYjVPakpLbVZOd19hUlNnTnRZalktRThOd1FtdlFWbTF3T29HZVl6RWpqOXBldl9rMFBTREJmWm5Gb3VvWlg2N3hyVlNGbFJSMkhpT3Vwb2h3MlZVdmxwUTVWWnFkSTEyQQ?oc=5,,2026-02-10T08:00:00+00:00,Textile Today,India–Bangladesh Relations,2026-03-01T13:44:22.727102
