article_id,title,url,description,pub_date,author,source_post,scraped_at
81735eb2455a,Cabinet Apocalypse: A News Review in an Imagined Conversation,https://snyder.substack.com/p/cabinet-apocalypse,"“Calling this meeting to order. That was a long speech that I just gave. State of the Union. Long speech. Not going to stand up and do that again next year. So let’s hear it. Plans to make sure I don’t have to. Plans to end the United States by a year from now. Around the table. Go. Start us off, Linda.” (  )",2026-03-01T13:44:17.108159,Thinking about…,https://ritholtz.com/2026/03/10-sunday-am-reads-29/,2026-03-01T13:44:17.108171
d11c4a23e09b,Binance Employees Find $1.7 Billion in Crypto Was Sent to Iranian Entities,https://www.nytimes.com/2026/02/23/technology/binance-employees-iran-firings.html,Binance pledged to crack down on crime. But internal investigators at the world’s largest crypto exchange continued to find evidence of potential legal violations on the platform. After Internal Binance investigations uncovered massive flows to sanctioned Iranian entities — and employees who flagged it were fired. (  ) see also Binance—Whose Founder Was Pardoned—Now Holds 87% Of Trump’s Stablecoin : The exchange whose CEO received a presidential pardon now dominates the market for the Trump-link,2026-03-01T13:44:17.108242,New York Times,https://ritholtz.com/2026/03/10-sunday-am-reads-29/,2026-03-01T13:44:17.108245
8a1d4fd86c81,Binance Employees Find $1.7 Billion in Crypto Was Sent to Iranian Entities,https://www.forbes.com/sites/zacheverson/2026/02/09/trump-stablecoin-usd1-binance-holds-87-percent/,Binance pledged to crack down on crime. But internal investigators at the world’s largest crypto exchange continued to find evidence of potential legal violations on the platform. After Internal Binance investigations uncovered massive flows to sanctioned Iranian entities — and employees who flagged it were fired. ( New York Times ) see also Binance—Whose Founder Was Pardoned—Now Holds 87% Of Trump’s Stablecoin : The exchange whose CEO received a presidential pardon now dominates the market for ,2026-03-01T13:44:17.108309,Forbes,https://ritholtz.com/2026/03/10-sunday-am-reads-29/,2026-03-01T13:44:17.108311
643b7c13e38e,‘Don’t go to the US – not with Trump in charge’: the UK tourist with a valid visa detained by ICE for six weeks,https://www.theguardian.com/us-news/2026/feb/21/karen-newton-valid-visa-detained-ice,"A British traveler with proper documentation was detained by immigration authorities. The chilling effect on international travel to the U.S. is growing. Karen Newton was in America on the trip of a lifetime when she was shackled, transported, and held for weeks on end. With tourism to the US under increasing strain, she says, ‘ If it can happen to me, it can happen to anyone ’(  )",2026-03-01T13:44:17.108382,The Guardian,https://ritholtz.com/2026/03/10-sunday-am-reads-29/,2026-03-01T13:44:17.108384
27b49938d1b4,The Real Reason Anthropic Wants Guardrails,https://www.theatlantic.com/ideas/2026/02/anthropic-pentagon-ai/686172/,"digs into what’s really behind Anthropic’s resistance to Pentagon pressure — it’s not just ethics, it’s a calculated bet on where AI’s long-term value lies. ( The Atlantic )",2026-03-01T13:44:17.108450,The Atlantic,https://ritholtz.com/2026/03/10-sunday-am-reads-29/,2026-03-01T13:44:17.108452
b4c1e428de97,The Looming Taiwan Chip Disaster That Silicon Valley Has Long Ignored,https://www.nytimes.com/2026/02/24/technology/taiwan-china-chips-silicon-valley-tsmc.html,"If China invades Taiwan and cuts off its chip exports to American companies, the tech industry and the U.S. economy would be crippled. (  )",2026-03-01T13:44:17.108514,NYTimes,https://ritholtz.com/2026/03/10-sunday-am-reads-29/,2026-03-01T13:44:17.108516
8c8da5cf0b23,"They Fought for the C.I.A. in Afghanistan. In America, They’re Living in Fear . Afghan operatives who risked their lives working for U.S. intelligence are now in the U.S. — terrified of deportation by",https://www.nytimes.com/2026/02/23/magazine/zero-units-cia-afghanistan.html,,2026-03-01T13:44:17.108575,New York Times,https://ritholtz.com/2026/03/10-sunday-am-reads-29/,2026-03-01T13:44:17.108577
ed2e8c715da8,X Really Is Pulling Users to the Right,https://nymag.com/intelligencer/article/x-really-is-pulling-users-to-the-right.html,"Algorithmic radicalization has now come for the elites, too. It’s not your imagination. The platform’s algorithmic and editorial choices are measurably shifting its user base’s political orientation. (  ) see also The Republican Party Has a Nazi Problem : How did the GOP become a haven for slogans and ideas straight out of the Third Reich? It’s not a fringe issue anymore. The Atlantic examines how extremist elements have become embedded in the GOP’s coalition and why the party can’t — or won’t —",2026-03-01T13:44:17.108637,New York Magazine,https://ritholtz.com/2026/03/10-sunday-am-reads-29/,2026-03-01T13:44:17.108639
1e1fc4ef2b4b,X Really Is Pulling Users to the Right,https://www.theatlantic.com/magazine/2026/04/republican-party-nazi-problem/686055/,"Algorithmic radicalization has now come for the elites, too. It’s not your imagination. The platform’s algorithmic and editorial choices are measurably shifting its user base’s political orientation. ( New York Magazine ) see also The Republican Party Has a Nazi Problem : How did the GOP become a haven for slogans and ideas straight out of the Third Reich? It’s not a fringe issue anymore.  examines how extremist elements have become embedded in the GOP’s coalition and why the party can’t — or wo",2026-03-01T13:44:17.108698,The Atlantic,https://ritholtz.com/2026/03/10-sunday-am-reads-29/,2026-03-01T13:44:17.108700
514b8f8076b4,DoJ cases against protesters keep collapsing as officers’ lies are exposed in court,https://www.theguardian.com/us-news/2026/feb/21/doj-protesters-federal-agents-cases,A string of embarrassing defeats for prosecutors as federal agents’ testimony falls apart under scrutiny as experts condemn DoJ effort to cast people as ‘violent perpetrators’. The pattern is hard to ignore. (  ),2026-03-01T13:44:17.108758,The Guardian,https://ritholtz.com/2026/03/10-sunday-am-reads-29/,2026-03-01T13:44:17.108760
24e79ac6baa8,40 Iranian Doctors and Nurses Describe a Massacre,https://www.nytimes.com/interactive/2026/02/25/opinion/iran-protests-doctors.html,"As street protests spread across Iran in early January, the authorities turned off the internet. Most of the world didn’t see the bloody crackdown that followed. We surveyed Iranian medical workers across 14 cities and 11 provinces about their experiences treating wounded protesters. Despite great personal risk, they shared their stories. Medical workers who treated victims of Iran’s 2022 protest crackdown break their silence, describing in harrowing detail what they witnessed in hospitals and m",2026-03-01T13:44:17.108817,New York Times,https://ritholtz.com/2026/03/10-sunday-am-reads-29/,2026-03-01T13:44:17.108819
f5c0b27494ee,I am a 15-year-old girl. Let me show you the vile misogyny that confronts me on social media every day: Anonymous,https://www.theguardian.com/commentisfree/2026/feb/23/15-year-old-girl-misogyny-social-media-online-abuse,"Objectification, hate, rape threats: the politicians debating online abuse mean well, but to truly understand, they need to see what I see. (  )",2026-03-01T13:44:17.108875,The Guardian,https://ritholtz.com/2026/03/10-sunday-am-reads-29/,2026-03-01T13:44:17.108877
