article_id,title,url,description,pub_date,scraped_at
4a1fcb7e3835,Shohei Ohtani: The $125m Ad Man,https://www.readtrung.com/p/shohei-ohtani-the-125m-ad-man,"Thanks for subscribing to SatPost. Today, we will talk about how Shohei Ohtani’s $125m bag from sponsorhips. Also this week: Anthropic’s Cybersecurity Bomb Andy Weir’s Writing Journey IBM’s AI is Powering The Masters App …and them wild posts (including Artemis II) Subscribe now This issue of SatPost",2026-04-10 22:12:01,2026-04-11T10:30:49.423649
0a009f245a1e,The Disneyland Dilemma,https://www.readtrung.com/p/the-disneyland-dilemma,"Thanks for subscribing to SatPost. Today, we will talk all things Disneyland: history, design psychology and how Disney’s business model is ruining the experience. Also this week: Michael Jordan’s Wild NASCAR Ride Apple at 50 …and them wild posts (including Kit Kat) Subscribe now In the summer of 20",2026-04-02 23:34:47,2026-04-11T10:30:49.470139
52793509780c,Jensen Manifesting The Future,https://www.readtrung.com/p/how-jensen-manifests-the-future,"Thanks for subscribing to SatPost. Today, we will talk about: Jensen Huang’s key note at Nvidia’s Netflix Acquires Ben Affleck AI Startup (and What It Means For Meek Mill) Garmin’s Best Year Yet …and them wild posts (including Costco’s CEO) Subscribe now How Jensen Manifests The Future Nvidia recent",2026-03-26 21:44:30,2026-04-11T10:30:49.491592
74829e121d5a,"The Sphere's $4B Business, explained",https://www.readtrung.com/p/the-spheres-4b-business-explained,"Thanks for subscribing to SatPost. Today, we will break down the business of The Sphere (including my experience experiencing the Sphere experience). Also this week: Stanley Druckenmiller “Invests, Then Investigates” McDonald’s CEO Viral Burger-Eating Snafu …them wild posts (including DICK’s Sportin",2026-03-06 02:16:10,2026-04-11T10:30:49.525277
ae550f9d9c48,6 Takeaways From Citrini's Viral AI Doomer Article (and a Bunch of Rebuttals),https://www.readtrung.com/p/6-takeaways-from-citrinis-viral-ai,"Thanks for subscribing to SatPot. Today, we have to talk about Citrini Research’s uber viral AI doomer report (and a lot of rebuttals). Also this week: Norway’s Sporting Secret Sauce Paramount Outbids Netflix For Warner Bros …and them wild posts (including Zillow bidding wars) Subscribe now “Claude,",2026-02-27 02:28:18,2026-04-11T10:30:49.559234
6508f55ec60b,The Slack AGI Test,https://www.readtrung.com/p/the-slack-agi-test,"Thanks for subscribing to SatPost. Today, we talk about how all the major AI labs run on Slack (and why I think them pivoting from it could mean AGI is here). Speculative. Also this week: The Rise of Chinese Humanoid Robotics RIP Robert Duvall ( The Godfather , Apocalypse Now legend) …and them wild ",2026-02-20 00:26:44,2026-04-11T10:30:49.589833
81166d9fe635,"How does Docusign have 7,000 employees?",https://www.readtrung.com/p/how-does-docusign-have-7000-employees,"Thanks for subscribing to SatPost. Today, we find out why Docusign has 7,000 employees (and what can it tell us about how AI coding agents will chance B2B SaaS)? Also this week: 29 Thoughts on Super Bowl LX Jony Ive & Ferrari Collaboration …and them wild posts (including EV charging tech) Subscribe ",2026-02-13 19:13:01,2026-04-11T10:30:49.649656
181391858630,NFL & Fox: The $1.6B Deal That Changed Everything,https://www.readtrung.com/p/nfl-and-fox-the-16b-deal-that-changed,"Thanks for subscribing to SatPost. Today, we’ll talk about the NFL’s landmark $1.6B deal with Fox in 1993. It completely changed the league’s economics and broadcasting standards (while helping to turn Fox into America’s 4th major TV network). Also this week: Netflix & Alex Honnold’s Taipei 101 Free",2026-01-30 00:22:49,2026-04-11T10:30:49.677200
a17432d5a42a,How Tech Metrics Change Your Values and Behaviour,https://www.readtrung.com/p/how-tech-metrics-change-your-values,"Thanks for subscribing to SatPost. Today, we are talking about philosopher C. Thi Nguyen’s new book “The Score” and how tech apps metrics are able to influence your values and behaviour. Also this week: Apple Finance Forays Alcohol Makers Are In Trouble …and them wild posts (including a new ChatGPT ",2026-01-24 00:35:07,2026-04-11T10:30:49.701772
5eb542deddfc,"Warren Buffett, Charlie Munger and the Reading Unlock",https://www.readtrung.com/p/warren-buffett-and-the-reading-unlock,"Thanks for subscribing to SatPost. Today, we will talk about Warren Buffett’s retirement and the one lesson from his career I’ll be sharing with my kid: read, read, read. Also this week: How sportsbooks throttle good players Fed Chair Jerome Powell …and some wild posts (including Claude Code) Subscr",2026-01-16 00:35:33,2026-04-11T10:30:49.724174
6719d33fdd26,11 Best Things of 2025,https://www.readtrung.com/p/11-best-things-of-2025,"Thank you for subscribing to SatPost. I was going to send this “Best of 2025” e-mail at the end of December. But I got on a bit of a writing roll after drinking 3 sugar-free Red Bulls and an Iced Coffee from McDonald’s (surprisingly good tbh). So, this very very very subjective list is done ahead of",2025-12-19 00:35:46,2026-04-11T10:30:49.761392
bfecaefea936,Hayao Miyazaki: 9 Creative Lessons,https://www.readtrung.com/p/hayao-miyazaki-9-creative-lessons,"Everyone has weird triggers in life. Let me share two of mine. Whenever I see a 60-second clip of David Goggins, I feel the urge to do a 10km run. Whenever I see Hayao Miyazaki talk about creative work, I feel the urge to write. Damn, Miyazaki goes hard. That screenshot is from the 2019 documentary ",2025-12-06 20:19:00,2026-04-11T10:30:49.817606
2b3656e5599f,James Cameron On AI in Hollywood,https://www.readtrung.com/p/james-cameron-on-ai-in-hollywood,"Thanks for subscribing to SatPost (and thanks to all the readers that shared their glorious Dishoom dining stories after last week’s article ). Today, we’ll be talking about James Cameron, Avatar and how he thinks AI will change Hollywood. Also this week: Dyson’s $3B Haircare Pivot Taco Bell’s Chief",2025-11-28 18:06:21,2026-04-11T10:30:49.838396
f57783188755,Dishoom's $400m Restaurant Playbook,https://www.readtrung.com/p/dishooms-400m-restaurant-playbook,"Thanks for subscribing to SatPost. Today, we’ll talk about the smart business moves behind Dishoom, the Indian fine dining restaurant popular in the UK (where I recently crushed a meal for the first time). Also this week: The wild economics of smoking Winston Churchill Loved Stonks Red Bull’s Most D",2025-11-20 21:14:59,2026-04-11T10:30:49.865435
332f51cdf3ac,"Taylor Sheridan's New $1B Deal, Explained",https://www.readtrung.com/p/taylor-sheridans-new-1b-deal-explained,"Thanks for subscribing to SatPost. Today, we will talk about why Taylor “I frickin’ wrote Sicario as my first script” Sheridan is leaving Paramount for NBCUniversal in a $1B deal. Also this week: The $20K Neo Human Robot (Is Hilarious) OpenAI Headed For $1T IPO? …and them wild posts (including updat",2025-10-30 22:31:14,2026-04-11T10:30:49.888500
2f69625d8e51,J.R. Simplot Became A Billionaire Selling Potato Chips (and then Semiconductor Chips),https://www.readtrung.com/p/jr-simplot-became-a-billionaire-selling,"Thanks for subscribing to SatPost. Today, we will talk about J.R. Simplot, a potato farming billionaire who went on to build what is now the $220B+ semiconductor firm Micron Technology (an all-time business pivot with some lessons for the current AI gold rush). Also this week: ChatGPT x Walmart MrBe",2025-10-17 22:57:39,2026-04-11T10:30:49.906763
42ca4c30488e,"""One Battle After Another"" Review",https://www.readtrung.com/p/one-battle-after-another-review,"Thanks for subscribing to SatPost. I wasn’t planning on writing a newsletter this week but watched Paul Thomas Anderson’s One Battle After Another on Monday…and it slapped so hard, that I felt compelled to share (non-spoiler) thoughts. I’m writing this on Tuesday and included some other solid links ",2025-09-30 19:53:15,2026-04-11T10:30:49.932625
89b20da3c856,Lee Kuan Yew and the Making of Changi (The World's Best Airport),https://www.readtrung.com/p/lee-kuan-yew-and-the-making-of-changi,"Thanks for subscribing to SatPost. I did a Southeast Asia trip over the summer to Vietnam, Singapore and the Philippines. Have a few drafts of trip observations and am sharing this first one on Singapore Changi’s Airport aka “The Best Airport In The World”. Also this week: Nvidia *Intends* To Invest",2025-09-26 22:09:57,2026-04-11T10:30:49.958763
a619f9fe49b5,The Day Quentin Tarantino Became A Filmmaker,https://www.readtrung.com/p/the-day-quentin-tarantino-became,"Thanks for subscribing to SatPost. Today, is a round up of some interesting reads, watches and listens including: The Day Quentin Tarantino Became A Filmmaker AI Stuff (Intel x Nvidia, Amazon Agents, OpenAI Use Cases, Meta Ray-Ban) Jimmy Kimmel Pulled Off Air By Bob Iger RIP Robert Redford (The Grea",2025-09-18 23:04:04,2026-04-11T10:30:49.976681
1f0c63c88651,The iPhone 17 and iPhone Air Are New (Enough),https://www.readtrung.com/p/the-iphone-17-and-iphone-air-are,"Thanks for subscribing to SatPost. Today, we will talk about the iPhone devices (17, Air). Looks like Apple did enough this year until it can deliver with two totally new form factors (Foldable in 2026, All-Glass in 2027), a new device (AR glasses?) and Apple Un Intelligence. Obviously, people had r",2025-09-11 21:38:19,2026-04-11T10:30:49.999209
